<?xml version="1.0"?>
<config xmlns:xsi="http://www.w3.org/2001/XMLSchema-instance" xsi:noNamespaceSchemaLocation="urn:magento:framework:ObjectManager/etc/config.xsd">
    <type name="Magento\Checkout\Model\CompositeConfigProvider">
        <arguments>
            <argument name="configProviders" xsi:type="array">
                <item name="delivery_date_config_provider" xsi:type="object">Custom\DeliveryField\Model\DeliveryDateConfigProvider</item>
            </argument>
        </arguments>
    </type>
    <type name="Magento\Checkout\Block\Checkout\LayoutProcessor">
        <plugin name="custom_delivery_date_modify_checkout_layout" type="Custom\DeliveryField\Plugin\Checkout\Block\ModifyCheckoutLayoutPlugin" />
    </type>
</config>